mse,rmse,mae
0.044378,0.210661,0.146157
