mse,rmse,mae
0.041402,0.203476,0.139939
