mse,rmse,mae
0.024942,0.157929,0.101136
