mse,rmse,mae
0.009424,0.097079,0.057880
