mse,rmse,mae
0.018166,0.134782,0.084765
