mse,rmse,mae
0.020773,0.144129,0.091851
