mse,rmse,mae
0.009787,0.098929,0.053609
