mse,rmse,mae
0.021604,0.146983,0.085433
