mse,rmse,mae
0.010064,0.100319,0.054162
