mse,rmse,mae
0.018942,0.137628,0.079251
