train_loss,valid_loss
0.054907,0.058887
0.053482,0.057289
0.051729,0.055591
0.049978,0.054589
0.048633,0.053416
0.047473,0.052594
0.046703,0.052147
0.046081,0.051733
0.045609,0.051124
0.045192,0.051078
0.044862,0.050696
0.044595,0.050737
0.044364,0.050370
0.044152,0.050260
0.043943,0.050286
0.043814,0.050191
0.043726,0.050110
0.043736,0.050053
0.043697,0.050019
0.043712,0.050025
