mse,rmse,mae
0.019308,0.138954,0.078542
