train_loss,valid_loss
0.054872,0.058407
0.053281,0.056815
0.051317,0.055505
0.049446,0.054034
0.048107,0.052922
0.046910,0.052701
0.046259,0.051837
0.045647,0.051112
0.045110,0.051004
0.044608,0.050817
0.044174,0.050565
0.043910,0.050240
0.043625,0.050357
0.043433,0.050235
0.043215,0.050112
0.043055,0.049988
0.042969,0.049892
0.042845,0.049813
0.042783,0.049819
0.042793,0.049767
