mse,rmse,mae
0.021174,0.145513,0.085591
