mse,rmse,mae
0.010038,0.100189,0.053698
