mse,rmse,mae
0.037926,0.194746,0.131311
