mse,rmse,mae
0.038644,0.196582,0.132420
