mse,rmse,mae
0.036330,0.190606,0.126948
