mse,rmse,mae
0.035279,0.187827,0.125582
