mse,rmse,mae
0.035044,0.187199,0.125252
