mse,rmse,mae
0.021192,0.145574,0.088581
