train_loss,valid_loss
0.107742,0.119916
0.106474,0.118836
0.104900,0.117891
0.103309,0.118110
0.101726,0.118438
0.100306,0.119789
0.098834,0.118726
0.097508,0.119030
0.096339,0.119963
0.095210,0.119241
0.094383,0.119297
0.093561,0.119546
0.092944,0.119759
0.092233,0.119773
0.091814,0.119460
0.091457,0.119438
0.091077,0.119343
0.090977,0.119554
0.090745,0.119474
0.090791,0.119504
