mse,rmse,mae
0.020964,0.144791,0.087816
