mse,rmse,mae
0.020961,0.144778,0.088669
