mse,rmse,mae
0.037891,0.194657,0.131760
