mse,rmse,mae
0.035156,0.187499,0.130242
