mse,rmse,mae
0.020823,0.144302,0.092155
