mse,rmse,mae
0.036994,0.192339,0.135877
