mse,rmse,mae
0.038023,0.194994,0.129388
