mse,rmse,mae
0.020983,0.144856,0.088394
