train_loss,valid_loss
0.084422,0.091720
0.082607,0.090719
0.080582,0.089513
0.078573,0.089325
0.076973,0.088311
0.075789,0.088047
0.074925,0.087933
0.074174,0.087488
0.073657,0.087270
0.073140,0.086888
0.072664,0.086575
0.072264,0.086427
0.071933,0.086486
0.071779,0.086390
0.071493,0.086215
0.071274,0.086185
0.071184,0.086052
0.071066,0.086122
0.070945,0.086080
0.070980,0.086025
