mse,rmse,mae
0.037911,0.194708,0.131881
