train_loss,valid_loss
0.024885,0.031127
0.024715,0.031029
0.024447,0.031043
0.024041,0.031308
0.023543,0.031573
0.023015,0.031718
0.022396,0.032169
0.021793,0.032626
0.021228,0.032872
0.020665,0.033318
0.020250,0.033239
0.019854,0.033545
0.019538,0.033898
0.019279,0.033884
0.019119,0.033756
0.018949,0.033916
0.018826,0.033955
0.018778,0.033997
0.018702,0.033958
0.018704,0.034007
