mse,rmse,mae
0.020738,0.144008,0.092795
