train_loss,valid_loss
0.083692,0.091437
0.081621,0.090293
0.079305,0.089075
0.077420,0.088767
0.076038,0.088076
0.075128,0.087334
0.074239,0.087178
0.073632,0.086920
0.072898,0.086652
0.072332,0.086410
0.071839,0.086662
0.071400,0.086098
0.070919,0.086083
0.070430,0.085974
0.070172,0.085961
0.069880,0.085751
0.069698,0.085773
0.069457,0.085669
0.069453,0.085745
0.069351,0.085754
