mse,rmse,mae
0.040268,0.200670,0.138542
