mse,rmse,mae
0.040859,0.202135,0.139000
