mse,rmse,mae
0.042887,0.207091,0.144289
