mse,rmse,mae
0.043091,0.207584,0.144099
