mse,rmse,mae
0.040732,0.201822,0.137962
