mse,rmse,mae
0.042887,0.207093,0.144514
