mse,rmse,mae
0.024890,0.157765,0.100439
