mse,rmse,mae
0.041034,0.202569,0.139012
