train_loss,valid_loss
0.081010,0.091351
0.080157,0.090753
0.078958,0.090459
0.077810,0.089754
0.076934,0.089200
0.076231,0.089554
0.075545,0.088056
0.074951,0.088453
0.074464,0.087749
0.074115,0.087941
0.073632,0.088001
0.073328,0.087711
0.072967,0.087528
0.072791,0.087531
0.072480,0.087541
0.072300,0.087436
0.072157,0.087439
0.071998,0.087442
0.071955,0.087414
0.071941,0.087390
