train_loss,valid_loss
0.103956,0.116794
0.103427,0.116715
0.102691,0.116398
0.101816,0.115968
0.100975,0.116153
0.100105,0.115754
0.099169,0.115939
0.098232,0.116530
0.097207,0.116981
0.096348,0.117295
0.095536,0.117575
0.094829,0.117742
0.094294,0.117482
0.093804,0.117969
0.093481,0.118131
0.093154,0.117912
0.092931,0.117988
0.092673,0.117917
0.092622,0.118034
0.092675,0.118052
