mse,rmse,mae
0.024261,0.155761,0.099373
