mse,rmse,mae
0.042731,0.206715,0.147804
