mse,rmse,mae
0.024802,0.157487,0.104732
