train_loss,valid_loss
0.083021,0.092757
0.081948,0.092086
0.080552,0.091548
0.079240,0.090599
0.078006,0.090083
0.077111,0.089101
0.076275,0.089155
0.075666,0.088608
0.075128,0.088157
0.074710,0.087968
0.074287,0.087704
0.073935,0.087279
0.073718,0.087853
0.073489,0.087571
0.073239,0.087460
0.073077,0.087376
0.072918,0.087410
0.072872,0.087304
0.072814,0.087314
0.072732,0.087319
