mse,rmse,mae
0.040184,0.200459,0.141736
