mse,rmse,mae
0.024247,0.155715,0.099055
