mse,rmse,mae
0.043144,0.207712,0.144689
