train_loss,valid_loss
0.107892,0.121237
0.107367,0.121201
0.106652,0.120963
0.105791,0.121281
0.104912,0.121423
0.103777,0.122001
0.102405,0.122472
0.100944,0.123663
0.099542,0.124142
0.098308,0.124289
0.097250,0.125168
0.096275,0.125088
0.095557,0.125511
0.094955,0.125223
0.094449,0.125725
0.093997,0.125483
0.093837,0.125739
0.093611,0.125669
0.093488,0.125567
0.093423,0.125705
