mse,rmse,mae
0.017775,0.133324,0.082325
