mse,rmse,mae
0.018840,0.137260,0.082005
