mse,rmse,mae
0.020322,0.142556,0.087468
