mse,rmse,mae
0.009829,0.099142,0.059096
