mse,rmse,mae
0.010141,0.100703,0.057920
