mse,rmse,mae
0.019134,0.138326,0.087904
