mse,rmse,mae
0.010154,0.100769,0.058958
