mse,rmse,mae
0.018057,0.134376,0.079544
