mse,rmse,mae
0.010130,0.100646,0.057179
