mse,rmse,mae
0.018356,0.135485,0.082076
