mse,rmse,mae
0.020111,0.141813,0.087962
