mse,rmse,mae
0.010085,0.100425,0.057522
