mse,rmse,mae
0.021123,0.145337,0.088275
