mse,rmse,mae
0.039373,0.198425,0.133569
