mse,rmse,mae
0.036567,0.191225,0.126885
