mse,rmse,mae
0.020924,0.144653,0.092325
