mse,rmse,mae
0.009535,0.097647,0.058911
