mse,rmse,mae
0.018434,0.135773,0.087187
