mse,rmse,mae
0.020930,0.144671,0.093928
