train_loss,valid_loss
0.105955,0.117078
0.105441,0.116978
0.104624,0.116774
0.103682,0.116488
0.102761,0.116275
0.101751,0.116130
0.100885,0.116156
0.100044,0.116309
0.099371,0.116499
0.098690,0.116798
0.098139,0.116846
0.097601,0.117306
0.097176,0.117294
0.096858,0.117285
0.096594,0.117335
0.096355,0.117263
0.096124,0.117364
0.095960,0.117434
0.096030,0.117416
0.095927,0.117365
