mse,rmse,mae
0.024677,0.157088,0.100085
