train_loss,valid_loss
0.083101,0.092234
0.082164,0.091609
0.080978,0.091148
0.079595,0.090307
0.078447,0.090313
0.077488,0.089727
0.076669,0.089300
0.076128,0.089171
0.075632,0.089019
0.075175,0.088436
0.074762,0.088592
0.074449,0.088255
0.074127,0.088080
0.073887,0.088240
0.073731,0.088016
0.073518,0.087860
0.073386,0.087935
0.073327,0.087945
0.073333,0.087910
0.073280,0.087899
