train_loss,valid_loss
0.069785,0.061893
0.067932,0.060091
0.065631,0.058289
0.063235,0.057050
0.061109,0.055749
0.059646,0.055137
0.058439,0.054710
0.057727,0.054182
0.057027,0.053970
0.056475,0.053325
0.056126,0.053333
0.055799,0.052995
0.055528,0.052808
0.055284,0.052876
0.055075,0.052514
0.054861,0.052459
0.054811,0.052376
0.054685,0.052352
0.054677,0.052343
0.054697,0.052342
