train_loss,valid_loss
0.019082,0.017030
0.018872,0.016961
0.018436,0.016844
0.017858,0.016781
0.017245,0.016780
0.016727,0.016597
0.016312,0.016595
0.015960,0.016617
0.015663,0.016636
0.015395,0.016586
0.015161,0.016623
0.014995,0.016665
0.014853,0.016695
0.014708,0.016754
0.014625,0.016715
0.014541,0.016730
0.014500,0.016724
0.014483,0.016756
0.014458,0.016748
0.014452,0.016757
