mse,rmse,mae
0.021211,0.145640,0.094671
