train_loss,valid_loss
0.095140,0.086303
0.094268,0.085615
0.092556,0.084808
0.090367,0.083762
0.088013,0.082921
0.086035,0.082147
0.084658,0.081655
0.083620,0.081598
0.082787,0.081510
0.082093,0.081288
0.081587,0.081317
0.081165,0.081569
0.080793,0.081467
0.080480,0.081483
0.080253,0.081533
0.080065,0.081557
0.079951,0.081618
0.079855,0.081572
0.079860,0.081590
0.079831,0.081576
