mse,rmse,mae
0.009499,0.097464,0.060423
