mse,rmse,mae
0.020413,0.142875,0.094794
