mse,rmse,mae
0.021264,0.145820,0.095248
