mse,rmse,mae
0.018524,0.136103,0.085605
