mse,rmse,mae
0.018078,0.134455,0.088842
