mse,rmse,mae
0.020801,0.144226,0.092361
