mse,rmse,mae
0.018304,0.135294,0.089480
