mse,rmse,mae
0.018451,0.135834,0.087064
