mse,rmse,mae
0.018478,0.135935,0.086668
