train_loss,valid_loss
0.068802,0.060805
0.065554,0.058370
0.062296,0.056414
0.059807,0.055383
0.058381,0.054919
0.057466,0.055224
0.056742,0.054311
0.056063,0.053787
0.055329,0.054102
0.054856,0.053613
0.054421,0.053141
0.053955,0.053120
0.053463,0.052750
0.053041,0.052487
0.052870,0.052492
0.052522,0.051797
0.052323,0.052014
0.052028,0.051636
0.051943,0.051591
0.051881,0.051619
