mse,rmse,mae
0.009526,0.097601,0.059320
