mse,rmse,mae
0.018728,0.136852,0.088000
