mse,rmse,mae
0.009514,0.097541,0.058974
