mse,rmse,mae
0.009809,0.099042,0.060746
