train_loss,valid_loss
0.085884,0.080397
0.084667,0.078969
0.082823,0.077577
0.080854,0.076909
0.079263,0.075821
0.078022,0.075336
0.077071,0.075021
0.076252,0.075330
0.075558,0.075746
0.074881,0.075542
0.074416,0.076714
0.073923,0.076514
0.073508,0.076251
0.073164,0.076613
0.072836,0.076909
0.072592,0.076673
0.072422,0.076804
0.072335,0.076807
0.072202,0.076858
0.072334,0.076766
