mse,rmse,mae
0.020626,0.143618,0.097112
