train_loss,valid_loss
0.983469,0.927002
0.928512,0.910957
0.912032,0.904833
0.902669,0.899211
0.895467,0.893836
0.890644,0.894070
0.887025,0.892038
0.884139,0.890179
0.881610,0.890380
0.880353,0.887555
0.877834,0.888000
0.877533,0.887373
0.876427,0.887780
