train_loss,valid_loss
0.012004,0.015141
0.011756,0.014784
0.011370,0.014518
0.011046,0.014350
0.010760,0.014130
0.010507,0.014027
0.010281,0.013901
0.010081,0.014058
0.009914,0.013874
0.009759,0.013905
0.009657,0.013895
0.009545,0.014015
0.009435,0.014026
0.009358,0.014002
0.009318,0.014021
0.009253,0.013997
0.009232,0.014007
0.009202,0.014014
0.009202,0.014011
0.009193,0.014030
