mse,rmse,mae
0.020311,0.142518,0.081764
