mse,rmse,mae
0.020134,0.141894,0.081283
