mse,rmse,mae
0.021002,0.144921,0.085886
