mse,rmse,mae
0.010025,0.100124,0.055429
