mse,rmse,mae
0.010136,0.100676,0.059381
