mse,rmse,mae
0.022310,0.149365,0.087422
