mse,rmse,mae
0.010011,0.100057,0.055111
