mse,rmse,mae
0.020903,0.144577,0.090963
