mse,rmse,mae
0.019242,0.138714,0.078799
