mse,rmse,mae
0.018661,0.136606,0.082017
