mse,rmse,mae
0.009687,0.098424,0.055724
