train_loss,valid_loss
0.055280,0.058117
0.054288,0.057061
0.052623,0.056033
0.051011,0.055016
0.049319,0.054142
0.048075,0.053696
0.046916,0.053144
0.046060,0.052908
0.045468,0.052466
0.045037,0.052325
0.044637,0.051782
0.044379,0.051561
0.044062,0.051296
0.043908,0.051378
0.043673,0.051307
0.043618,0.051045
0.043488,0.051031
0.043460,0.051043
0.043389,0.050974
0.043452,0.050941
