mse,rmse,mae
0.021178,0.145525,0.085399
