mse,rmse,mae
0.019759,0.140566,0.079205
