mse,rmse,mae
0.022090,0.148626,0.086060
