mse,rmse,mae
0.009873,0.099364,0.053023
