Model,,CM,CM,CM
Metrics,,MSE,RMSE,MAE
Country,Pred_len,,,
ES,24,0.011405767872929573,0.10679779201745987,0.06919430196285248
ES,96,0.020655285567045212,0.14371946454048157,0.0965302586555481
ES,168,0.02290712110698223,0.1513509899377823,0.10324922204017639
