Model,,CM,CM,CM
Metrics,,MSE,RMSE,MAE
Country,Pred_len,,,
ES,24,0.011029690504074097,0.10502184927463531,0.06430036202073097
ES,96,0.02083531767129898,0.14434197545051575,0.0943172238767147
ES,168,0.023177560418844223,0.1522417888045311,0.10033160448074341
