Model,,CM,CM,CM
Metrics,,MSE,RMSE,MAE
Country,Pred_len,,,
ES,24,0.011594521813094616,0.10767786204814911,0.06868013739585876
ES,96,0.02126738242805004,0.14583340287208557,0.09827333688735962
ES,168,0.023568790405988693,0.15352129936218262,0.10385473817586899
