train_loss,valid_loss
0.083618,0.091349
0.081728,0.090293
0.079325,0.089447
0.077379,0.088479
0.075947,0.088031
0.074945,0.087402
0.074096,0.086746
0.073486,0.086818
0.072859,0.087302
0.072452,0.086397
0.071896,0.086077
0.071450,0.086284
0.071193,0.086116
0.070753,0.085959
0.070435,0.085361
0.070153,0.085811
0.069985,0.085422
0.069828,0.085355
0.069802,0.085410
0.069699,0.085444
