mse,rmse,mae
0.035357,0.188035,0.125771
