mse,rmse,mae
0.020945,0.144725,0.088463
