mse,rmse,mae
0.038993,0.197467,0.133980
