mse,rmse,mae
0.024512,0.156563,0.099831
