mse,rmse,mae
0.043106,0.207619,0.144246
