mse,rmse,mae
0.041897,0.204687,0.140222
