train_loss,valid_loss
0.114081,0.124372
0.113240,0.123927
0.111976,0.123011
0.110466,0.122498
0.109017,0.121926
0.107744,0.121625
0.106509,0.121715
0.105378,0.121802
0.104363,0.122160
0.103461,0.122031
0.102718,0.122391
0.102095,0.122150
0.101632,0.122073
0.101157,0.122438
0.100814,0.122461
0.100607,0.122496
0.100347,0.122253
0.100199,0.122366
0.100253,0.122385
0.100148,0.122369
