train_loss,valid_loss
0.087064,0.081318
0.085816,0.079660
0.083953,0.078222
0.081979,0.077353
0.080262,0.076353
0.078970,0.076149
0.077920,0.075466
0.077124,0.075858
0.076500,0.075545
0.075961,0.076321
0.075475,0.075893
0.075091,0.075667
0.074732,0.075816
0.074522,0.076201
0.074236,0.075784
0.073983,0.076012
0.073897,0.075951
0.073905,0.075905
0.073747,0.075932
0.073677,0.075872
