mse,rmse,mae
0.009417,0.097044,0.058139
