mse,rmse,mae
0.018146,0.134707,0.078889
