mse,rmse,mae
0.009950,0.099750,0.056407
