mse,rmse,mae
0.019644,0.140159,0.083830
