mse,rmse,mae
0.019795,0.140696,0.085259
