mse,rmse,mae
0.018198,0.134901,0.080253
