mse,rmse,mae
0.018233,0.135030,0.080986
