train_loss,valid_loss
0.075970,0.065924
0.073885,0.063892
0.070892,0.061945
0.067839,0.060216
0.065434,0.058854
0.063632,0.057687
0.062417,0.057129
0.061515,0.056614
0.060878,0.056074
0.060442,0.055792
0.060037,0.055672
0.059678,0.055334
0.059457,0.055223
0.059159,0.055193
0.058943,0.054906
0.058818,0.054878
0.058727,0.054761
0.058687,0.054753
0.058598,0.054692
0.058561,0.054703
