mse,rmse,mae
0.019677,0.140273,0.085270
