mse,rmse,mae
0.019674,0.140265,0.085308
