train_loss,valid_loss
0.074842,0.064886
0.072348,0.062929
0.069402,0.060805
0.066520,0.059094
0.064273,0.057880
0.062715,0.057065
0.061620,0.056398
0.060904,0.056297
0.060250,0.055688
0.059762,0.055391
0.059427,0.055198
0.059034,0.055037
0.058706,0.054849
0.058408,0.054665
0.058250,0.054509
0.058055,0.054449
0.058042,0.054345
0.057969,0.054279
0.057881,0.054232
0.057905,0.054241
