mse,rmse,mae
0.010051,0.100253,0.057106
